method,model,seeds_completed,AP_mean,AP_std,precision_mean,precision_std,recall_mean,recall_std,F1_mean,F1_std,accuracy_mean,accuracy_std,FPR_mean,FPR_std,ROC_AUC_mean,ROC_AUC_std,recall_at_1_percent_mean,recall_at_1_percent_std,unmatched_recall_at_1_percent_mean,unmatched_recall_at_1_percent_std
cluster_under,edge_sage,3,0.5869686655477369,0.009340691540217471,0.7831628702992895,0.012146783858258316,0.5135095555392839,0.011724829176277317,0.6202736139961231,0.01164390590114488,0.9992346067712651,2.104478559074456e-05,0.00017330160797697966,9.84900527388004e-06,0.9898055669351505,0.0002215651214308881,0.8493324546630543,0.0026292222322120903,0.6331555928344618,0.0055518583155199685
cluster_under,edge_weighted_gcn,3,0.580884825945688,0.015323238198376589,0.7801966768734184,0.036349414532818286,0.4996949061531328,0.01642868240639786,0.6091657351605366,0.02281676824952776,0.9992190742726178,5.0168504770837546e-05,0.00017201318815974207,3.1536382676444024e-05,0.9896160338252503,0.0001254826659110749,0.8434909244750353,0.0019382593922546755,0.6211331456074132,0.004845265554154471
cluster_under,gat,3,0.5896709230441353,0.0051659218979424135,0.809497000148232,0.03066357287028814,0.49875928502273964,0.006077632797599928,0.6169978010515654,0.0061563376464944235,0.9992459132040697,2.5027111169170982e-05,0.00014400103219224645,3.068706909659153e-05,0.9896608058025134,0.000214838436245293,0.8460293052809712,0.002232497687973787,0.6274838735446249,0.005331990569938199
cluster_under,gatv2,3,0.580829095543551,0.007743090923417188,0.7935580155948304,0.01288125230351248,0.49681482023870543,0.007779182373456346,0.6110105362032493,0.006620658025117894,0.9992298647811692,1.3460978817013847e-05,0.00015769874420021245,1.3047686487281064e-05,0.9895895236881369,0.0001384995036791821,0.8454679326027352,0.0008463224856936529,0.6262257104627243,0.0019692303974724167
cluster_under,gine,3,0.5656395132079637,0.005265533284475113,0.7526842512558626,0.00261626978450324,0.5050076070065819,0.0037012867578820477,0.6044543002412035,0.0031156231802415267,0.9991953202740521,4.96603553178198e-06,0.0002022722459032478,2.5645959378566984e-06,0.9889706987154288,0.0005076946447940941,0.8443207797385143,0.0021369234184215246,0.6231302298643979,0.0053286234928116676
cluster_under,tgnn,3,0.6211238772714331,0.005863783987901558,0.8071463733824124,0.014448542246689107,0.5427334781512126,0.012368763936747596,0.6488714928025544,0.004306175018494296,0.9992850012733072,3.203957351352197e-06,0.00015846920325308488,1.8071050882832494e-05,0.990327579482598,0.00012010631637334306,0.8570940421273584,0.0018480529346304353,0.6515087971561521,0.0043511236932506055
original,edge_sage,3,0.6059283631041258,0.012045357870115563,0.7923884862770659,0.016509348982934366,0.5440352118978464,0.004720776288391945,0.6450455666926204,0.0023793739668969663,0.9992709742651678,1.3541589047771382e-05,0.000174100104203465,1.917833160143991e-05,0.9890088402082117,0.0005654880430416264,0.8436129620137821,0.009640481518111046,0.6200147784235016,0.0232117813638537
original,edge_weighted_gcn,3,0.614132833558843,0.005535451849800442,0.8255610443452124,0.020667015290180935,0.5487946759089762,0.010568601170089339,0.6591867019308298,0.00928902532265519,0.9993090875036995,2.1446501307885185e-05,0.000141742122115796,2.1300535722706698e-05,0.9879631019118426,0.0007592660333458856,0.8343299732330998,0.004533580956971271,0.5988257144568929,0.01094351151237617
original,gat,3,0.6134089646422919,0.002001929910685563,0.8191029403329372,0.0038110607062772457,0.5536680416229366,0.0023729738377644733,0.6607184560145279,0.0018658739110245378,0.9993077044561317,4.004576973223293e-06,0.00014906741599689935,4.0356497609378646e-06,0.9867220018836557,0.0008280978759049027,0.8281386021006728,0.002841597203894665,0.5850258622411278,0.007467786756147438
original,gatv2,3,0.6113386824384502,0.016352255941040637,0.8400138775362702,0.013183792282143152,0.5436365559379399,0.011420766423088702,0.6599420472270588,0.004439880253442417,0.99931801699296,1.451905033701485e-06,0.00012651407633309643,1.4919872475013025e-05,0.9870202366870399,0.0011139214269500195,0.8324668668082301,0.009976581854673927,0.5948515167854932,0.0237374866310248
original,gine,3,0.6001259817500546,0.009428341667643118,0.8067676684373337,0.04773047416936529,0.5455891565578904,0.019627587379900415,0.6500719465496478,0.007764251366835474,0.9992846789255742,3.52604689207075e-05,0.00016227297347265487,5.53345016456869e-05,0.988428370100716,0.00027043675882368085,0.8393660556653894,0.0037483871910483297,0.6107483074710923,0.009155645790183213
original,tgnn,3,0.6027666316824568,0.0031297379373271222,0.7801399621647365,0.0306069605232568,0.5449871047000724,0.009102538876407754,0.6413913385914419,0.00538080875636349,0.9992578340954993,2.606428021311161e-05,0.00018841663472669162,3.5882220472273616e-05,0.9872719244652126,0.0014746399044064749,0.8317102340679993,0.01003801598244851,0.5936532662313022,0.023325166134861075
random_under,edge_sage,3,0.5648221815220512,0.01721484409089945,0.7447481899182741,0.03283537619236065,0.5117522149813283,0.008846534769697044,0.6065200544534918,0.015363320888269675,0.9991912002122052,4.106627754406718e-05,0.0002146189069570539,3.426198974639966e-05,0.9896436728471297,0.00022837388282650323,0.8474286690586025,0.001416266537443931,0.628502386515687,0.002980209163739356
random_under,edge_weighted_gcn,3,0.585979026258876,0.002166815947943525,0.7960705424374078,0.011980242003559499,0.5004840822370294,0.00842770896860434,0.6145535792305725,0.00844307399673346,0.9992356790450653,1.6252891052394545e-05,0.0001563501686623241,1.082629206637447e-05,0.9895682228709645,0.0001793168719543962,0.8402691334521165,0.0038150998445738407,0.6143630299762347,0.009590184917129738
random_under,gat,3,0.5938016624366972,0.007176788483799211,0.8010446999056203,0.008336011876070462,0.5168859274446153,0.006329141765402529,0.628326227504273,0.00691129459769656,0.9992555036213134,1.3275348801515382e-05,0.0001564950321666482,6.75055724924136e-06,0.9896356708758193,0.00015353574558325646,0.8455574267978164,0.0032123779158926397,0.6254268767599306,0.006808973767982908
random_under,gatv2,3,0.5967798517225694,0.0039134991013018445,0.8115861686052775,0.01596064324504634,0.5075541236484343,0.01729960347438153,0.6243049122373925,0.011074643869470557,0.9992565911169743,1.442826322169992e-05,0.00014403088068527865,1.865385335552978e-05,0.9896092206119019,8.231556955376236e-05,0.8455818343055657,0.0007484526865087831,0.6250474307511035,0.0011987497212836297
random_under,gine,3,0.5584455031622473,0.0037142416826958942,0.7014523481575657,0.029428884506093184,0.5227681368122168,0.01582435562587535,0.5987483408297677,0.013350153330581298,0.9991468069193598,3.818907096061177e-05,0.00027249455960904565,4.206349692246745e-05,0.9889871421203175,0.0004399033604108786,0.8405782952169419,0.004245105796113813,0.6125456833023785,0.010245042238332034
random_under,tgnn,3,0.6159355775775989,0.002717077630274045,0.7838918010781404,0.013907453850745231,0.5436772351175221,0.005637394620141849,0.6419912549051069,0.004644052790031242,0.9992617177705657,1.374622219273879e-05,0.00018293151395836098,1.6056837410320635e-05,0.9897367961176772,0.0006344698509273446,0.8533271500980368,0.0021548295538750943,0.6424620054720109,0.004942813794797131
