method,model,seed,threshold,AP,precision,recall,recall_at_1_percent,unmatched_recall_at_1_percent,F1,accuracy,FPR,ROC_AUC
cluster_under,tgnn,42,0.9966643452644348,0.614386088515561,0.8229701964416473,0.528910692929145,0.8565814844646213,0.6500509256485532,0.6439587100940204,0.9992879278128199,0.00013868932651952992,0.9902998897981574
cluster_under,tgnn,43,0.9905961751937866,0.6250720942431829,0.8038132543679539,0.5465329135242001,0.8591442727783066,0.6564016535857647,0.6506633784503361,0.9992854980718072,0.00016260325443247337,0.9904591124221961
cluster_under,tgnn,44,0.9936255216598511,0.6239134490555555,0.7946556693376357,0.5527568280002929,0.8555563691391472,0.6480738122341382,0.6519923898633067,0.9992815779352945,0.0001741150288072514,0.99022373622744
cluster_under,gatv2,42,0.9932997226715088,0.5734211841288338,0.7810049763775067,0.5025261770520613,0.8461594786556345,0.6278832903960218,0.6115557756256057,0.999222768098898,0.00017176613632016003,0.9897328367175044
cluster_under,gatv2,43,0.9936680197715759,0.5888686703995529,0.806744134736967,0.4999633887383759,0.8457201435161456,0.6267449523695404,0.61734171450267,0.999245389172416,0.0001459934871721998,0.9895793337841416
cluster_under,gatv2,44,0.9944302439689636,0.5801974321022664,0.7929249356700178,0.4879548949256791,0.8445241756364258,0.624048888622611,0.6041341184814722,0.9992214370721934,0.00015533660910827747,0.9894564005627648
cluster_under,gine,42,0.9919517040252686,0.5691365358214517,0.7556560155526548,0.5061628957067194,0.8445973981596739,0.6244083637888682,0.6062439444794651,0.9991994850076158,0.00019951071535189541,0.989546457949181
cluster_under,gine,43,0.9927778840065002,0.5595835704855753,0.7507279115551434,0.5008664665251031,0.842059017353738,0.6172787729914325,0.6008567040052436,0.9991898242941316,0.00020272693662202722,0.988587268949864
cluster_under,gine,44,0.9927212595939636,0.568198433316864,0.7516688266597895,0.5079934587879231,0.8463059237021308,0.6277035528128931,0.6062622522389017,0.999196651520409,0.0002045790857358208,0.9887783692472413
cluster_under,gat,42,0.992531955242157,0.5837186341639977,0.774187960075199,0.5046008152107588,0.8457689585316444,0.6265652147864118,0.6109779555938671,0.9992176592527735,0.00017941016314353838,0.989413791076319
cluster_under,gat,43,0.9927740097045898,0.5923087749019865,0.8294337270141543,0.499206755998145,0.8439383954504406,0.6226709004852915,0.6232821074959733,0.9992652977428976,0.00012513832437013452,0.9897644801761563
cluster_under,gat,44,0.9936015009880066,0.5929853600664218,0.8248693133553424,0.4924702838593151,0.8483805618608284,0.6332155053621712,0.6167333400648559,0.9992547826165378,0.00012745460906306644,0.9898041461550646
cluster_under,edge_sage,42,0.99347323179245,0.5953091643272944,0.7968579296255153,0.5211735129725904,0.8513338702985038,0.6378886825235157,0.6301841262669008,0.9992552684431025,0.00016195700011184365,0.9899569976667248
cluster_under,edge_sage,43,0.9925968647003174,0.5887208800481509,0.7789380054332133,0.5193429498913866,0.8503087549730297,0.6345335809717813,0.6231870842210031,0.9992353531411412,0.00017966514933231758,0.989908436712043
cluster_under,edge_sage,44,0.9916476011276245,0.5768759522677651,0.7736926758391403,0.5000122037538747,0.8463547387176296,0.6270445150080882,0.6074496315004654,0.9992131987295515,0.00017828267448677772,0.989551266426684
cluster_under,edge_weighted_gcn,42,0.9932843446731567,0.5889568685210653,0.8044668597624336,0.5036245149007835,0.8437187278806961,0.622610987957582,0.6194509647400168,0.9992466272880088,0.00014921672073124712,0.9895558452037998
cluster_under,edge_weighted_gcn,43,0.9927288293838501,0.5904845380588899,0.7977179271415865,0.5138024456322765,0.845305215884406,0.6250674015936732,0.6250294397229748,0.9992494282801933,0.00015881906052129922,0.9897602723291263
cluster_under,edge_weighted_gcn,44,0.9926100373268127,0.563213071257109,0.7384052437162354,0.48165775792633814,0.8414488296600035,0.6157210472709843,0.5830168010186183,0.9991611672496512,0.00020800378322667984,0.9895319839428245
random_under,tgnn,42,0.995315670967102,0.6190550119824118,0.7899279594827162,0.5480217714969124,0.8544092162749262,0.6445988856269846,0.6471061052401387,0.9992722775186468,0.00017765481899858506,0.989940698006634
random_under,tgnn,43,0.9929897785186768,0.614085416586332,0.767986097331478,0.545703058260721,0.8547265138756681,0.6459768737643041,0.6380388545212284,0.999246174981982,0.00020096269728313401,0.9902442465241126
random_under,tgnn,44,0.9937583208084106,0.6146663041640527,0.7937613464202267,0.537306875594933,0.8508457201435161,0.6368102570247439,0.6408288049539534,0.9992667008110683,0.00017017702559336386,0.9890254438222849
random_under,gatv2,42,0.9946213960647583,0.5976628693681838,0.8259212474296314,0.5089697590978985,0.8464035537331283,0.6262656521478641,0.6298176199892256,0.9992715625795476,0.00013076680670155014,0.9897031465722654
random_under,gatv2,43,0.9938105940818787,0.600176400363381,0.7943876138347077,0.5241024139025164,0.8449391032681652,0.6238691510394824,0.631541319579866,0.9992554351772248,0.0001653603494604594,0.9895496366781782
random_under,gatv2,44,0.9935304522514343,0.5925002854361433,0.8144496445514937,0.48959019794488784,0.8454028459154036,0.6250074890659637,0.6115557971430858,0.9992427755941503,0.0001359654858938264,0.9895748785852623
random_under,gine,42,0.9898776412010193,0.5627010965318837,0.7269397558938203,0.5314490737350809,0.8442556930511825,0.6211730872925528,0.6140096778273306,0.9991864913301628,0.00024334370723010142,0.9894411610718836
random_under,gine,43,0.9918460249900818,0.5567792637129974,0.6692444906104982,0.5323521515218081,0.8359327329086427,0.6012222155652747,0.5930005660441691,0.9991103134138515,0.0003207153216941836,0.9885628636398356
random_under,gine,44,0.9928274750709534,0.5558561492418608,0.7081727979683787,0.5045031851797613,0.841546459691001,0.615241747049308,0.5892347786178034,0.9991436160140647,0.000253424649902852,0.9889574016492331
random_under,gat,42,0.9926204681396484,0.58956642291038,0.7959396686667164,0.517463571794684,0.8488443045080667,0.6326163800850758,0.6271794848574699,0.9992509909384462,0.00016171735580776118,0.9897702107361013
random_under,gat,43,0.9932597279548645,0.5897505422509496,0.7965301732841241,0.5102877645163653,0.8424251299699788,0.6190761488227189,0.622060028008343,0.9992450728962696,0.00015889540953239857,0.9894684134731215
random_under,gat,44,0.9939534068107605,0.6020880221487622,0.8106642577660208,0.5229064460227966,0.8454028459154036,0.6245881013719969,0.6357391696470062,0.9992704470292247,0.00014887233115978482,0.9896683884182349
random_under,edge_sage,42,0.9929466843605042,0.5763568954745248,0.7801521965551241,0.5145590783725074,0.8487222669693197,0.6312983044754659,0.6201141567599776,0.9992324334502377,0.00017675693099084775,0.9899072484916084
random_under,edge_sage,43,0.9917787909507751,0.5730749400089602,0.7387968957374822,0.5188547997363989,0.8459154035781407,0.6253669642322209,0.609593763938444,0.999190864229578,0.00022361324443139803,0.9895189941799419
random_under,edge_sage,44,0.9917431473731995,0.5450347090826689,0.715295477462216,0.5018427668350784,0.8476483366283469,0.6288418908393745,0.5898522426620538,0.9991503029568,0.00024348654544891583,0.9895047758698392
random_under,edge_weighted_gcn,42,0.992275059223175,0.586883674031286,0.8039778630800334,0.510019281931122,0.8446706206829221,0.6252471391768019,0.6241173566828646,0.9992520510805578,0.000151581442659094,0.9897519682511604
random_under,edge_weighted_gcn,43,0.9943792223930359,0.5875469252955603,0.8019470351492318,0.4940323643552757,0.8382270386370848,0.6106883949433827,0.6114106289250478,0.999235438076591,0.0001487268826325217,0.9893936896279407
random_under,edge_weighted_gcn,44,0.9932200908660889,0.5835064794497816,0.7822867290829587,0.49740060042469064,0.8379097410363427,0.6071535558085196,0.6081327520838051,0.999219547978047,0.0001687421806953566,0.9895590107337922
original,tgnn,42,0.9937483072280884,0.6058451780738128,0.7535340820305354,0.5551975787752312,0.8347367650289229,0.5996644898448266,0.6393370167424414,0.9992373616932898,0.00022136040868521627,0.9871990745805062
original,tgnn,43,0.9954224228858948,0.6028666185770472,0.7732964040451644,0.5420419320983134,0.8398867491640428,0.6133844586903121,0.6373403183279482,0.9992489651333265,0.0001937062863889886,0.9887816391001896
original,tgnn,44,0.9931361675262451,0.5995880983965105,0.8135894004185094,0.5377218032266725,0.8205071880110322,0.5679108501587682,0.6474966807039364,0.9992871754598814,0.00015018320910587004,0.9858350597149419
original,gatv2,42,0.9918215870857239,0.6302135386397072,0.8279870542794342,0.5534646457250251,0.8438895804349418,0.622071775208196,0.6634492710243794,0.9993163528142652,0.00014016057906577592,0.9883057691674573
original,gatv2,43,0.996613085269928,0.6023497260735031,0.8541099261539584,0.5311073686265896,0.8280491079055917,0.5840273201126356,0.6549500603359774,0.9993186732693926,0.00011058410672987905,0.9864145598895635
original,gatv2,44,0.9960848093032837,0.6014527826021406,0.8379446521754181,0.546337653462205,0.8254619120841571,0.578455455035648,0.6614268103208197,0.999319024895222,0.00012879754320363436,0.9863403810040987
original,gine,42,0.9817000031471252,0.598426527301728,0.756904375602758,0.5681335578824046,0.843645505357448,0.621292912347972,0.6490724001491692,0.9992520472593128,0.00022242570750975144,0.9887311041064646
original,gine,43,0.9957212209701538,0.6102884699791703,0.8520324696812209,0.5363305752849576,0.8377877034975959,0.6061350428374573,0.6582875657522627,0.999322082229778,0.00011353800218494248,0.9882106696082184
original,gine,44,0.9953031539916992,0.5916629479692654,0.8113661600280224,0.5323033365063093,0.8366649581411242,0.6048169672278474,0.6428558737475116,0.9992799072876313,0.0001508552107232707,0.988343336587465
original,gat,42,0.9958932399749756,0.6134184411886643,0.8211685329580414,0.5510238949500866,0.8303190061262844,0.5897789227727518,0.6595044167832756,0.9993072707298193,0.00014627849550671952,0.9870633286062478
original,gat,43,0.9968196153640747,0.6154061394575285,0.8214352857762799,0.5556125064069708,0.8249249469136707,0.5764184290935235,0.6628669252759671,0.9993119082413902,0.00014722878006841986,0.9857777959292131
original,gat,44,0.9941051006317139,0.6114023132806826,0.8147050022644903,0.5543677235117522,0.8291718532620634,0.5888802348571086,0.6597840259843409,0.9993039343971858,0.00015369497241555868,0.9873248811155058
original,edge_sage,42,0.9938212633132935,0.5934687131327095,0.7737482667767261,0.5494862219618755,0.8362744380171341,0.6018213408423702,0.6426132563488248,0.9992558767089429,0.00019586076440436892,0.9885061682375778
original,edge_sage,43,0.9968320727348328,0.6068048257668172,0.7982495113831892,0.5413341143735814,0.8400331942105391,0.6120663830807022,0.6451552317977096,0.9992749984892706,0.00016677837688084394,0.9888992504473186
original,edge_sage,44,0.9954232573509216,0.6175115504128507,0.8051676806712825,0.5412852993580826,0.8545312538136731,0.6461566113474327,0.6473682119313267,0.9992820475972898,0.00015966117132518214,0.9896211019397387
original,edge_weighted_gcn,42,0.9952902793884277,0.6176020795462566,0.8356597075269729,0.5370139855019403,0.8391789314393108,0.6108082199988017,0.653849421521613,0.9993077352054665,0.00012873558220664834,0.988827722409441
original,edge_weighted_gcn,43,0.9901050925254822,0.6077490733988902,0.801786375041474,0.5519269727368138,0.8301969685875376,0.589359535078785,0.6537979809160334,0.9992883491510598,0.00016632397779404068,0.9874050599815061
original,edge_weighted_gcn,44,0.9953226447105408,0.6170473477313823,0.8392370504671903,0.5574430694881746,0.8336140196724513,0.5963093882930921,0.6699127033548433,0.9993311781545722,0.00013016680634669894,0.9876565233445802
