model,method,seeds,AP_mean,AP_std,AP_gain_pp,precision,recall,F1,ROC_AUC,recall_at_1_percent
edge_sage,none,3,0.5669318771439543,0.024936878099790463,0.0,0.7514922348059835,0.516226924735382,0.6118232891752023,0.9899907392519128,0.8499833215363712
edge_sage,repeat,3,0.5564084991405421,0.020302063987823492,-1.0523378003412187,0.7182323426540337,0.5137699022886107,0.5985940858002191,0.9900073564187002,0.8499182348490395
edge_sage,smote,3,0.5568584133649509,0.01782040803676569,-1.007346377900331,0.71901525071351,0.5113128798418393,0.5974376318758094,0.9899584032392242,0.8490883795855605
edge_sage,wgan_gp,3,0.5525684710466102,0.03920308107511395,-1.43634060973441,0.7098174935614416,0.5226949142889686,0.6014370785461813,0.989570274236318,0.8456957360083962
edge_weighted_gcn,none,3,0.5615133502917029,0.037243002619167236,0.0,0.770188436415113,0.5035675640493683,0.6088660855290849,0.9901037197984155,0.8459479469218065
edge_weighted_gcn,repeat,3,0.5610013810279016,0.04153231315285791,-0.05119692638012596,0.7407555557819707,0.5168371124291166,0.6086127375222977,0.9897863667452164,0.8426203900319739
edge_weighted_gcn,smote,3,0.5644405455804232,0.035245017110105165,0.2927195288720245,0.7549787697171992,0.5106782846403554,0.609236158080468,0.9898698801844524,0.8446624848470057
edge_weighted_gcn,wgan_gp,3,0.5773117817914059,0.02208639128821538,1.579843149970302,0.7634964856165413,0.51023081366495,0.6112606220251146,0.9897869077553864,0.8434583811313693
gat,none,3,0.5618515919963677,0.027739865033723346,0.0,0.771691278221275,0.5094416375810532,0.6131858452323398,0.9898739784838445,0.8478598683621749
gat,repeat,3,0.5630093255764611,0.020266267996921807,0.11577335800933379,0.7875754443593422,0.5029085613401348,0.6138361551189738,0.9897835479007013,0.8469242472317818
gat,smote,3,0.5699267031137305,0.012093430513057732,0.807511111736281,0.7833619737079743,0.518008672801087,0.6235389376240638,0.9900756818955263,0.8499100990131231
gat,wgan_gp,3,0.5768905824604137,0.0205612731427451,1.5038990464045998,0.7491200804229342,0.5248509108068308,0.6166964384256924,0.9896777186100641,0.8466720363183716
gatv2,none,3,0.5656714542637279,0.003469882992067228,0.0,0.7480820151712696,0.5260143353428849,0.6171472200318435,0.9898364757874037,0.8461920219993003
gatv2,repeat,3,0.5686645218700129,0.0046598303626259555,0.2993067606285038,0.7780217700047732,0.525753988593558,0.627315771347016,0.9899447787416694,0.8473473106994378
gatv2,smote,3,0.5694643563520488,0.0024221863153835073,0.3792902088320986,0.7747021025402591,0.5236468070911946,0.6248973729574296,0.98977950956282,0.8463628745535461
gatv2,wgan_gp,3,0.5680467757175741,0.005082549239128987,0.23753214538463352,0.7238558995917123,0.5244685265187572,0.6081405265257219,0.9891276904877025,0.8407816911148536
gine,none,3,0.5683489979920449,0.006622039784457776,0.0,0.744127059477716,0.5103447153677805,0.6050822203788773,0.9898473263754594,0.8450367332991627
gine,repeat,3,0.5636608338935213,0.016202235966628318,-0.468816409852361,0.7319697642408186,0.5094904525965521,0.6006894780225043,0.989715498623601,0.8437024562088632
gine,smote,3,0.5733578812828196,0.00486298978752871,0.500888329077472,0.7544863713696409,0.5119230675355739,0.6097495826370709,0.989794634655481,0.8452075858534084
gine,wgan_gp,3,0.5544628124422796,0.011671585850630845,-1.3886185549765357,0.7268259764271755,0.5055933871925671,0.5960993718485849,0.9897348179096729,0.8433770227722047
tgnn,none,3,0.5966471075305729,0.02400117264004221,0.0,0.7832443201007274,0.5310422819392578,0.6329440217440797,0.9902150764201888,0.8539698811354373
tgnn,repeat,3,0.6024969247186829,0.01973769290376544,0.5849817188109915,0.7788349271620923,0.5381285950224955,0.636426747944762,0.990233165940788,0.8539373377917713
tgnn,smote,3,0.5990912005745476,0.0227122053673174,0.24440930439745637,0.7915663232257134,0.5301473399884471,0.6348312208723882,0.9903452147631628,0.8547021063679189
tgnn,wgan_gp,3,0.6043842373312384,0.013728825371972477,0.7737129800665506,0.7672847145652514,0.5376160373597585,0.6321021497650741,0.9901698884804709,0.8535468176677812
