model,seed,method,AP,precision,recall,recall_at_1_percent,unmatched_recall_at_1_percent,F1,accuracy,FPR,ROC_AUC,threshold,epoch,AP_gain_vs_matched_control_pp
tgnn,42,none,0.5840232026917377,0.7583846987156557,0.5150716360352444,0.8495277147250494,0.632975855251333,0.6134838499790071,0.9992098100947047,0.00020003266423331573,0.9899958137677515,0.9984815716743469,1,0.0
tgnn,42,repeat,0.5897929740564536,0.7710092542783823,0.5210514754338434,0.8508457201435161,0.6366904319693247,0.621852363865861,0.9992284677892992,0.00018864156156730673,0.9901061046925904,0.9981781244277954,1,0.5769771364715903
tgnn,42,smote,0.5863278992833272,0.75289271471951,0.5252983817822362,0.8499182348490396,0.6345335809717813,0.6188328580604427,0.9992121428418675,0.00021016332460755275,0.9900927641980756,0.9980500936508179,1,0.23046965915894946
tgnn,42,wgan_gp,0.5973581537622873,0.7445453597676236,0.5362817602694588,0.8484293768763271,0.6311784794200467,0.6234816391537347,0.9992114034934023,0.00022429214951712949,0.9897209061292331,0.9986379742622375,1,1.3334951070549605
tgnn,43,none,0.6243257175749476,0.8074447569023813,0.5451660930902346,0.859168680286056,0.6558624408363789,0.6508767891505063,0.9992879539079536,0.00015847829085670074,0.9906803196820246,0.9959063529968262,4,0.0
tgnn,43,repeat,0.6252358994499954,0.7991597001957093,0.5503404847331039,0.8593395328403016,0.6563417410580552,0.6518115991337472,0.9992841483856135,0.00016859595860575473,0.9907148825852625,0.9962717294692993,4,0.09101818750477664
tgnn,43,smote,0.6253139166592754,0.8103016245194337,0.5439945327182641,0.8591442727783066,0.6560421784195075,0.6509649329440329,0.9992897596612456,0.00015524222169154459,0.9905827542545886,0.996743381023407,4,0.09881990843277899
tgnn,43,wgan_gp,0.6202040357296924,0.8077165686279906,0.5433599375167801,0.8580947499450831,0.6535857647834162,0.6496757545037882,0.9992865550274409,0.0001576771997749908,0.9905399047554341,0.9976803064346313,4,-0.41216818452551873
tgnn,44,none,0.5815924023250335,0.783903504684145,0.5328891166922946,0.8532132483952064,0.6426217722125697,0.6344714261027257,0.9992524410481933,0.00017906898844240917,0.9899690958107902,0.9974361062049866,1,0.0
tgnn,44,repeat,0.5924619006495996,0.7663358270121858,0.5429938249005394,0.8516267603914964,0.6388472829668683,0.6356162808346779,0.999242019254026,0.00020182097579639168,0.9898785105445111,0.9965603947639465,1,1.0869498324566074
tgnn,44,smote,0.5856317857810399,0.8115046304381967,0.521149105464841,0.8550438114764102,0.6479539871787191,0.6346958716126891,0.9992696177079008,0.00014756049138382033,0.9903601258368244,0.9944177865982056,3,0.4039383456006407
tgnn,44,wgan_gp,0.5955905225017356,0.7495922153001398,0.5332064142930365,0.8541163261819336,0.6457971361811755,0.6231490556376993,0.9992148143321801,0.000217128351924406,0.9902488545567459,0.9929839372634888,5,1.39981201767021
gatv2,42,none,0.5629663272175485,0.6961931075419586,0.5188547997363989,0.8425471675087257,0.6182373734347852,0.5945825398780608,0.9991385393050817,0.00027600195223329433,0.9893746118656405,0.9968733191490173,1,0.0
gatv2,42,repeat,0.5672504566879643,0.746773042555903,0.5191965048448903,0.8469405189036148,0.6287819783116649,0.6125296685113082,0.9992002717873448,0.00021461075244181473,0.9898647783901813,0.9900671243667603,4,0.42841294704157873
gatv2,42,smote,0.5678391216508822,0.7664799020681061,0.5156574162212296,0.8461350711478851,0.6266251273141213,0.6165346570105027,0.9992190392187903,0.00019150634732633087,0.9897655553728542,0.991659939289093,4,0.48727944333337714
gatv2,42,wgan_gp,0.5637518456193585,0.7183503768105106,0.5071147885089453,0.8401308242415367,0.6124258582469594,0.5945270575139043,0.9991578375728165,0.00024236926093854213,0.9889526720191972,0.9979290962219238,1,0.07855184018100703
gatv2,43,none,0.5644643686454978,0.7531532411928635,0.5446291279197482,0.851285055283005,0.6387274579114492,0.6321386431243895,0.9992282581976993,0.00021759221673013014,0.9901735503476752,0.9935154914855957,4,0.0
gatv2,43,repeat,0.5648755191237496,0.7841377909535107,0.539918478924117,0.8509433501745137,0.6375292073572584,0.6395052732882199,0.9992588906205078,0.00018118024231649678,0.9901748151959611,0.9942705631256104,4,0.04111504782517983
gatv2,43,smote,0.5722482539138208,0.787328275123478,0.5361841302384613,0.8510409802055112,0.6381283326343539,0.6379281746041275,0.9992589692404173,0.00017654941100582052,0.9901481902409088,0.9936548471450806,4,0.7783885268323076
gatv2,43,wgan_gp,0.573657979838372,0.7090134196469636,0.5321080764443142,0.8424983524932269,0.6185369360733329,0.6079529974941387,0.9991644598645489,0.00026620534338454914,0.9890861886451117,0.9898292422294617,1,0.9193611192874207
gatv2,44,none,0.5695836669281373,0.7948996967789864,0.5145590783725074,0.8447438432061702,0.6229704631238392,0.6247204770930802,0.9992473315653477,0.000161840655299889,0.9899612651488956,0.987779438495636,3,0.0
gatv2,44,repeat,0.5738675897983249,0.8031544765049062,0.5181469820116668,0.844158063020185,0.6217123000419388,0.6299123722415199,0.9992587294730376,0.00015480245495836143,0.9897947426388658,0.9864910840988159,3,0.42839228701875287
gatv2,44,smote,0.5683056934914434,0.7702981304291932,0.5190988748138927,0.8419125723072417,0.6159606973818226,0.6202292872576587,0.99922603981601,0.000188692303375207,0.9894247830746971,0.9858356714248657,2,-0.1277973436693891
gatv2,44,wgan_gp,0.5667305016949921,0.7442039023176626,0.5341827146030119,0.8397158966097972,0.6109879575819304,0.6219415245691229,0.9992093239439298,0.00022381552844889736,0.989344210798799,0.9789165258407593,2,-0.28531652331452717
gine,42,none,0.5710599842025603,0.7185366809206435,0.5283249127431598,0.8446218056674233,0.6230303756515487,0.6089221629397905,0.9991737683162211,0.0002522739245050578,0.9899034151625138,0.9849527478218079,4,0.0
gine,42,repeat,0.5466089270583738,0.7259148189753813,0.4863928144297186,0.8400820092260379,0.6129650709963453,0.5824920046835863,0.9991510906630718,0.00022386461654132157,0.9896573398634336,0.9961457252502441,1,-2.4451057144186494
gine,42,smote,0.5740773643427175,0.7322662182161609,0.5251031217202411,0.8441336555124356,0.6234497633455155,0.6116186627153327,0.999188064452222,0.00023403304633779637,0.989847024270602,0.9841325283050537,4,0.30173801401571776
gine,42,wgan_gp,0.5446787830585026,0.7360890880810524,0.4842693612555222,0.8410094945205145,0.6162602600203703,0.5841978522063856,0.9991607079736488,0.00021164712473583372,0.9897669069125987,0.9886322617530823,3,-2.638120114405773
gine,43,none,0.5608016290618261,0.7588765223800201,0.4964487076224647,0.8459154035781407,0.6265652147864118,0.6002321307281391,0.9991948767615015,0.00019228312790427304,0.989861380498464,0.9902896285057068,5,0.0
gine,43,repeat,0.5655206936062036,0.7353277883002838,0.5177320543799273,0.8440116179736887,0.6214127374033911,0.6076370074473961,0.999185955384218,0.00022715946369266814,0.9896763352289242,0.9881723523139954,5,0.4719064544377538
gine,43,smote,0.5681752331843688,0.7625527236179251,0.5046984452417563,0.844158063020185,0.6219519501527769,0.6073920995017015,0.999205632998971,0.00019157008632796264,0.9897289470161645,0.9916301369667053,5,0.7373604122542732
gine,43,wgan_gp,0.5513279664133328,0.7128735600348469,0.5193429498913866,0.8420834248614874,0.6184171110179139,0.6009103994073824,0.9991601257556026,0.0002549842359361015,0.989644211274493,0.9922347068786621,4,-0.9473662648493253
gine,44,none,0.5731853807117483,0.7549679751324844,0.506260525737717,0.8445729906519245,0.6244682763165778,0.6060923674687021,0.9991988220675778,0.00020029347306108302,0.9897771834654004,0.9915794134140015,3,0.0
gine,44,repeat,0.5788528810159864,0.7346666854467908,0.5243464889800102,0.8470137414268629,0.6293811035887604,0.6119394219365304,0.9991903286158222,0.0002308437986871936,0.989812820778445,0.9958831071853638,4,0.5667500304238127
gine,44,smote,0.5778210463213725,0.7686401722748367,0.5059676356447244,0.8473310390276049,0.630100053921275,0.6102379856941786,0.9992130949307972,0.0001856461827618807,0.9898079326796767,0.9970506429672241,4,0.4635665609624251
gine,44,wgan_gp,0.5673816878550032,0.7315152811656273,0.5131678504307925,0.8470381489346123,0.6297405787550177,0.6031898639319866,0.9991779703275822,0.0002295905571927891,0.9897933355419272,0.9968530535697937,4,-0.5803692856745091
gat,42,none,0.5298506823144747,0.6969471245137338,0.4999145737228772,0.8421322398769862,0.615900784854113,0.5822126736480948,0.999126488280725,0.00026497981250465767,0.989355022284522,0.9966650605201721,1,0.0
gat,42,repeat,0.5401289966311031,0.7517312004222082,0.4845622513485148,0.8419125723072417,0.6154813971601462,0.5892784797392276,0.9991776138493097,0.000195077669735308,0.9892566809420934,0.9968429803848267,1,1.02783143166284
gat,42,smote,0.5597753004853397,0.7622856929531453,0.5209050303873471,0.8492836396475556,0.6335749805284285,0.6188923358452835,0.9992189290937117,0.00019801337034741192,0.9901089095739233,0.9940920472145081,5,2.9924618170865003
gat,42,wgan_gp,0.557493323813706,0.6800034981195887,0.5201728051548656,0.8394230065168046,0.6099095320831586,0.5894456108938853,0.9991177860183716,0.00029838716591434276,0.9889944241838576,0.997271716594696,1,2.7642641499231235
gat,43,none,0.5790588801885613,0.829467276266873,0.5131678504307925,0.8492592321398063,0.6331555928344617,0.6340604840445303,0.9992788304295068,0.00012860750830259783,0.9900708158166208,0.9908249974250793,5,0.0
gat,43,repeat,0.5787026687471514,0.8132698909236613,0.5196114324766298,0.8467452588416197,0.6273440776466359,0.6340914612486405,0.999269872562912,0.00014543092518155343,0.9899425765546239,0.990871012210846,5,-0.03562114414099593
gat,43,smote,0.5833067906232676,0.8012621698021257,0.5274218349564326,0.8485514144150741,0.6323168174465281,0.6361229041136881,0.9992653658311178,0.00015946391519419933,0.9900637349538194,0.991936445236206,5,0.42479104347062924
gat,43,wgan_gp,0.5984456750420547,0.7877937262525168,0.5359644626687169,0.8494056771863026,0.6341141932778144,0.6379253321617638,0.9992592637153488,0.00017598680561027027,0.9900363611471685,0.9884769916534424,5,1.9386794853493372
gat,44,none,0.5766452134860671,0.7886594338832185,0.5152424885894902,0.8521881330697323,0.6413036966029597,0.6232843780043942,0.999241704655945,0.00016830749072221105,0.9901960973503909,0.9949559569358826,4,0.0
gat,44,repeat,0.5701963113511287,0.7977252417321572,0.50455200019526,0.8521149105464841,0.6408243963812833,0.6181385243690534,0.9992410287947786,0.00015595262923520328,0.9901513862053866,0.995431661605835,4,-0.6448902134938428
gat,44,smote,0.5666980182325843,0.7865380583686516,0.5056991530594811,0.8518952429767397,0.6404050086873165,0.6156015729132198,0.9992310936647731,0.00016729823231432535,0.9900544011588364,0.9958651065826416,4,-0.9947195253482866
gat,44,wgan_gp,0.5747327485254805,0.779563016896697,0.51841546459691,0.8511874252520075,0.6392666706608352,0.6227183722214281,0.9992351940495213,0.00017869384408853448,0.9900023704991661,0.9948531985282898,4,-0.19124649605866129
edge_sage,42,none,0.5909221432217254,0.7653989533281623,0.5265675721852041,0.8467208513338703,0.6271044275357978,0.6239082215337738,0.9992270941878268,0.00019674087742379564,0.9897360834538016,0.9863930344581604,4,0.0
edge_sage,42,repeat,0.5595051933861475,0.715807134543341,0.4950574796807498,0.8465011837641259,0.6265053022587023,0.5853101524345057,0.9991459322869023,0.00023959137890014806,0.9899011451734909,0.9976814985275269,1,-3.1416949835577967
edge_sage,42,smote,0.557517588136862,0.7172821438245386,0.4842449537477728,0.8448658807449171,0.6224312503744533,0.5781646693815211,0.9991396882838554,0.0002326626848293112,0.9898195074604357,0.9980164766311646,1,-3.3404555084863397
edge_sage,42,wgan_gp,0.5824331391948185,0.7581489707013789,0.5169021991164482,0.8437187278806961,0.6202743993769098,0.6147029695591049,0.999211070742266,0.00020100190915985444,0.9893643437558551,0.9830746054649353,4,-0.8489004026906888
edge_sage,43,none,0.5687279818849823,0.7367861117255098,0.5292035830221377,0.8523101706084791,0.6390869330777066,0.6159763414564136,0.9991966291739627,0.00023045628573265464,0.9902951503756275,0.994209885597229,4,0.0
edge_sage,43,repeat,0.5749843082914222,0.7124293882012621,0.5496814820238706,0.852554245685973,0.639805883410221,0.6205623470685657,0.9991816003357903,0.0002704656984669724,0.9901771119661011,0.9908434152603149,4,0.6256326406439916
edge_sage,43,smote,0.5743400881201768,0.7323691535239568,0.5383319909204071,0.852236948085231,0.6392666706608352,0.6205357510363162,0.9991984076230428,0.0002398030623516498,0.9901839778189918,0.9934467673301697,4,0.5612106235194481
edge_sage,43,wgan_gp,0.567097259881859,0.695927640591582,0.5548314661589905,0.8509921651900124,0.6358516565813912,0.6174211342312382,0.9991628565200724,0.0002955101167620543,0.9901410247439034,0.9884357452392578,4,-0.16307220031233083
edge_sage,44,none,0.5411455063251551,0.7522916393642786,0.49290961899880403,0.8509189426667643,0.6366305194416152,0.5955853045354197,0.9991850150663092,0.00019784274790670518,0.9899409839263094,0.9941230416297913,5,0.0
edge_sage,44,repeat,0.5347359957440566,0.726460505217498,0.4965707451612116,0.8506992750970198,0.636271044275358,0.589909757897586,0.9991594291649025,0.0002279226965433901,0.9899438121165087,0.9944453835487366,5,-0.640951058109851
edge_sage,44,smote,0.5387175638378141,0.7073944547920346,0.5113616948573381,0.8501623099265334,0.6348331436103289,0.593612475209591,0.9991475579344774,0.00025783834574393693,0.9898717244382449,0.9937398433685303,5,-0.24279424873410171
edge_sage,44,wgan_gp,0.508175014063153,0.6753758693913643,0.4963510775914671,0.84237631495448,0.616559822658918,0.5721871318482009,0.9990963420828816,0.00029081890927625323,0.9892054542091953,0.9961328506469727,1,-3.2970492262002105
edge_weighted_gcn,42,none,0.5649709029113369,0.7931712233597903,0.5142661882795148,0.8461838861633838,0.6270445150080882,0.6239704295730685,0.9992453504920227,0.00016346711485197712,0.9901155001054472,0.988506555557251,3,0.0
edge_weighted_gcn,42,repeat,0.5614994941394232,0.7557281753606299,0.5167313465622025,0.8437919504039443,0.6203942244323288,0.6137852418267757,0.9992082709811897,0.0002035968163781036,0.9896818520449915,0.9885427951812744,4,-0.3471408771913653
edge_weighted_gcn,42,smote,0.5659230771486042,0.7751235924645946,0.5171950892094408,0.8431817627102096,0.6188964112395902,0.6204199029820815,0.9992295021425723,0.00018290506992192477,0.9896839206193887,0.9887117147445679,4,0.09521742372673447
edge_weighted_gcn,42,wgan_gp,0.5887675588874122,0.8132394510220501,0.5044299626565132,0.8436210978496985,0.620094661793781,0.6226483542099233,0.9992556047193275,0.00014121017490435674,0.9896477999220386,0.987127423286438,4,2.3796655976075276
edge_weighted_gcn,43,none,0.596907009805834,0.8125819643292707,0.5173659417636866,0.8469405189036148,0.6283026780899886,0.6322085719438928,0.9992671106840672,0.00014545895089917676,0.9902056500056974,0.9948274493217468,4,0.0
edge_weighted_gcn,43,repeat,0.6022823972908002,0.7880613260278951,0.5311561836420883,0.8455736984696492,0.6250074890659637,0.6345938305709928,0.9992552652762072,0.00017412889809553363,0.9901364269969556,0.9946022629737854,4,0.5375387484966243
edge_weighted_gcn,43,smote,0.5989209039241836,0.7810418701924448,0.5308388860413463,0.846061848624637,0.6270445150080882,0.632080917956113,0.9992476122872832,0.00018140443483822394,0.9900125269742359,0.9932246804237366,4,0.2013894118349624
edge_weighted_gcn,43,wgan_gp,0.5913166720259545,0.7656189892607046,0.5305948109638525,0.8451831783456591,0.6229704631238392,0.6268000893166593,0.999230737057695,0.0001980027111876078,0.9900338309658946,0.9937201738357544,4,-0.5590337779879495
edge_weighted_gcn,44,none,0.5226621381579378,0.704812121556278,0.47907056210490345,0.8447194356984208,0.6253070517045114,0.5704192550702937,0.9991214844629835,0.00024458118935473085,0.989990009284102,0.9940916895866394,4,0.0
edge_weighted_gcn,44,repeat,0.5192222516534815,0.6784771659573872,0.5026238070830588,0.838495521222328,0.6081720687795819,0.5774591401691247,0.999104449998311,0.0002903474744711298,0.9895408211937021,0.9907830953598022,3,-0.34398865044563687
edge_weighted_gcn,44,smote,0.5284776556684816,0.7087708464945583,0.48400087867027897,0.8447438432061702,0.6253669642322209,0.5752076533032099,0.9991296428333709,0.00024242285667570932,0.9899131929597327,0.9946870803833008,4,0.5815517510543766
edge_weighted_gcn,44,wgan_gp,0.5518511144608511,0.7116310165668691,0.49566766737448437,0.8415708671987503,0.6174585105745611,0.5843334225487611,0.9991414327856716,0.00024484017468879253,0.9896790923782256,0.9931910634040833,4,2.9188976302913283
