date,rows,population,positives,allocation_ipw_ids_passed
2022-08-08,20462,1928372,1190,True
2022-08-09,20503,1928821,1227,True
2022-08-10,20564,1927626,1300,True
2022-08-11,20627,1929141,1349,True
2022-08-12,27613,2621698,1410,True
2022-08-13,9565,829920,1278,True
2022-08-14,9598,830550,1305,True
2022-08-15,20793,1928907,1519,True
2022-08-16,20880,1930157,1594,True
2022-08-17,20849,1929241,1572,True
2022-08-18,20910,1929724,1629,True
2022-08-19,31959,3018999,1786,True
2022-08-20,9761,828475,1491,True
2022-08-21,9835,830799,1542,True
2022-08-22,20986,1928428,1718,True
2022-08-23,21060,1928708,1790,True
2022-08-24,21101,1929742,1821,True
2022-08-25,21179,1929032,1907,True
2022-08-26,28139,2621232,1946,True
2022-08-27,10038,828897,1766,True
2022-08-28,9985,828319,1719,True
2022-08-29,21210,1927752,1951,True
2022-08-30,21182,1929577,1905,True
2022-08-31,45008,4290962,2119,True
2022-09-01,21378,1931020,2088,True
2022-09-02,32486,3021890,2290,True
2022-09-03,10304,832028,2003,True
2022-09-04,10292,831448,1997,True
2022-09-05,21499,1930513,2216,True
2022-09-06,21602,1932946,2295,True
2022-09-07,21461,1931102,2171,True
2022-09-08,21616,1931683,2322,True
2022-09-09,28509,2622963,2302,True
2022-09-10,10389,832706,2082,True
2022-09-11,10377,831912,2078,True
2022-09-12,21546,1931224,2256,True
2022-09-13,21546,1930271,2265,True
2022-09-14,21602,1929865,2326,True
2022-09-15,21505,1930505,2222,True
2022-09-16,32579,3021849,2384,True
2022-09-17,10430,829976,2151,True
2022-09-18,10365,829350,2092,True
2022-09-19,21562,1930012,2284,True
2022-09-20,21607,1929666,2333,True
2022-09-21,21578,1930009,2300,True
2022-09-22,21558,1928247,2298,True
2022-09-23,28574,2623289,2364,True
2022-09-24,10444,830925,2156,True
2022-09-25,10496,831748,2200,True
2022-09-26,21592,1930438,2310,True
2022-09-27,21585,1929465,2313,True
2022-09-28,21660,1929722,2386,True
2022-09-29,21625,1930671,2341,True
2022-09-30,56318,5379623,2547,True
2022-10-01,10536,832115,2237,True
2022-10-02,10530,832369,2228,True
2022-10-03,21722,1930139,2445,True
2022-10-04,21722,1930593,2440,True
2022-10-05,21747,1930376,2467,True
2022-10-06,21675,1931272,2386,True
2022-10-07,28765,2621858,2572,True
2022-10-08,10511,832093,2212,True
2022-10-09,10634,832170,2335,True
2022-10-10,21770,1930342,2491,True
2022-10-11,21698,1929614,2426,True
2022-10-12,21722,1929249,2454,True
2022-10-13,21739,1929640,2467,True
2022-10-14,32711,3019871,2537,True
