case,median_std_ratio,mean_shift_l2,nearest_training_distance_median,exact_duplicate_fraction,collapsed
edge_sage_seed42,0.7543963193893433,3.1782960891723633,11.834346771240234,0.0,False
edge_sage_seed43,0.7057545185089111,2.861469030380249,13.263062000274658,0.0,False
edge_sage_seed44,0.6774107217788696,3.9855358600616455,13.939690589904785,0.0,False
edge_weighted_gcn_seed42,0.8190765380859375,2.032702684402466,9.296900749206543,0.0,False
edge_weighted_gcn_seed43,0.7018648982048035,2.392470121383667,12.326741218566895,0.0,False
edge_weighted_gcn_seed44,0.6033814549446106,4.378864765167236,15.141939640045166,0.0,False
gat_seed42,0.7477792501449585,2.5908093452453613,8.22884750366211,0.0,False
gat_seed43,0.9808929562568665,3.023881196975708,10.400230407714844,0.0,False
gat_seed44,0.6155426502227783,4.609533309936523,12.46293830871582,0.0,False
gatv2_seed42,0.7253616452217102,2.1094143390655518,7.473003625869751,0.0,False
gatv2_seed43,0.6542637944221497,6.504918575286865,12.488915920257568,0.0,False
gatv2_seed44,0.6522974967956543,3.650871753692627,12.115987300872803,0.0,False
gine_seed42,0.7174117565155029,3.932727336883545,16.448223114013672,0.0,False
gine_seed43,0.6921936273574829,2.4785118103027344,13.321305274963379,0.0,False
gine_seed44,0.8049491047859192,2.7522971630096436,13.28562879562378,0.0,False
tgnn_seed42,0.47953465580940247,8.277273178100586,12.966724872589111,0.0,False
tgnn_seed43,0.525924801826477,8.537646293640137,16.882861137390137,0.0,False
tgnn_seed44,0.4754784107208252,10.309501647949219,15.076649188995361,0.0,False
