split,label,method,mean_KLD,max_KLD,max_missing_mass
train,all,cluster_ipw,4.195801034557195e-06,1.8751311811397856e-05,0.0
train,all,cluster_raw,0.005556786192842398,0.044750252322800686,0.0
train,all,random_ipw,3.963752154895619e-06,1.7035951328482992e-05,0.0
train,all,random_raw,0.003383291371930724,0.03066087599910248,0.0
train,negative,cluster_ipw,4.2981637474418874e-06,1.8793749127138026e-05,1.4671554746955809e-06
train,negative,cluster_raw,0.001103961405013114,0.004532544985207585,1.4671554746955809e-06
train,negative,random_ipw,4.239113131680269e-06,2.5429452558158327e-05,3.9635095659686585e-06
train,negative,random_raw,4.239349940011768e-06,2.5429195154866e-05,3.9635095659686585e-06
train,positive,cluster_ipw,0.0,0.0,0.0
train,positive,cluster_raw,0.0,0.0,0.0
train,positive,random_ipw,0.0,0.0,0.0
train,positive,random_raw,0.0,0.0,0.0
val,all,cluster_ipw,1.1647594001370982e-05,4.66493031537668e-05,0.0
val,all,cluster_raw,0.006670133905891154,0.05718081337173317,0.0
val,all,random_ipw,1.2657684864602137e-05,5.036283959885117e-05,5.259761336992107e-06
val,all,random_raw,0.004217918986171271,0.03812571199744607,5.259761336992107e-06
val,negative,cluster_ipw,1.1987228161938245e-05,4.673910345305977e-05,4.254591671366056e-06
val,negative,cluster_raw,0.001245850805996501,0.008227227419500154,4.254591671366056e-06
val,negative,random_ipw,1.2821596589048118e-05,5.049915757955798e-05,5.26617290791463e-06
val,negative,random_raw,1.2821980895856679e-05,5.050431484870295e-05,5.26617290791463e-06
val,positive,cluster_ipw,0.0,0.0,0.0
val,positive,cluster_raw,0.0,0.0,0.0
val,positive,random_ipw,0.0,0.0,0.0
val,positive,random_raw,0.0,0.0,0.0
